date,price
2020-01-01,0.15139216680010206
2020-01-02,0.15421793730066025
2020-01-03,0.15525149457767892
2020-01-04,0.15444284673836006
2020-01-05,0.1533527192378305
2020-01-06,0.15304205165036494
2020-01-07,0.1528787887999356
2020-01-08,0.15241844748683447
2020-01-09,0.15108430632724387
2020-01-10,0.1515997585387831
2020-01-11,0.1511098132142127
2020-01-12,0.1514130969730824
2020-01-13,0.15386609336887583
2020-01-14,0.15199245902963696
2020-01-15,0.15192435033932306
2020-01-16,0.15198157735373022
2020-01-17,0.1519859986333637
2020-01-18,0.1519206395992725
2020-01-19,0.15215447565905785
2020-01-20,0.15101527579908336
2020-01-21,0.15100487592996883
2020-01-22,0.15048393653329514
2020-01-23,0.14939471532339604
2020-01-24,0.14904851198712382
2020-01-25,0.14720310476861517
2020-01-26,0.14460418251281926
2020-01-27,0.14480240417432486
2020-01-28,0.1443182239204448
2020-01-29,0.14452525269336444
2020-01-30,0.14528023977046445
2020-01-31,0.14663966002989698
2020-02-01,0.14733573207461687
2020-02-02,0.14801793346316588
2020-02-03,0.14800671930494955
2020-02-04,0.14935147970191315
2020-02-05,0.1485199873026549
2020-02-06,0.14811201548529673
2020-02-07,0.1467812115989446
2020-02-08,0.14713381022005284
2020-02-09,0.14659592547036246
2020-02-10,0.1469893699008636
2020-02-11,0.14727588817135107
2020-02-12,0.14931842440536813
2020-02-13,0.1483989632212547
2020-02-14,0.1485136332504697
2020-02-15,0.1483762095467617
2020-02-16,0.14974173647152111
2020-02-17,0.14948009812414415
2020-02-18,0.14819385721332137
2020-02-19,0.14653919972357973
2020-02-20,0.14657643246345073
2020-02-21,0.14784673376422894
2020-02-22,0.14770345715260083
2020-02-23,0.1484987123672
2020-02-24,0.1484266398916388
2020-02-25,0.1476842158859538
2020-02-26,0.14890986982946797
2020-02-27,0.1467044817225798
2020-02-28,0.1461738440994028
2020-02-29,0.14634205847686524
2020-03-01,0.14537321233454129
2020-03-02,0.14568286635778024
2020-03-03,0.14662297422653647
2020-03-04,0.14645958388141317
2020-03-05,0.14613870156981607
2020-03-06,0.14573527078336498
2020-03-07,0.1450712040633089
2020-03-08,0.14495491660974688
2020-03-09,0.14453851212371258
2020-03-10,0.14432788756916173
2020-03-11,0.1469396875934619
2020-03-12,0.14612259147768655
2020-03-13,0.14635228493210967
2020-03-14,0.1464875713162495
2020-03-15,0.14850288078452956
2020-03-16,0.14751928599318032
2020-03-17,0.14747944611322822
2020-03-18,0.14676946051055154
2020-03-19,0.14702136410625571
2020-03-20,0.14803141516044085
2020-03-21,0.14728442041955248
2020-03-22,0.147057280454899
2020-03-23,0.14789974772471712
2020-03-24,0.14789690239074793
2020-03-25,0.14795422165817412
2020-03-26,0.14716306687944256
2020-03-27,0.1486745743470252
2020-03-28,0.14824537043227198
2020-03-29,0.14796388030365754
2020-03-30,0.1476652297962545
2020-03-31,0.1486365926803592
2020-04-01,0.14980252682562317
2020-04-02,0.14961802110439087
2020-04-03,0.14962460628901006
2020-04-04,0.1501311545745508
2020-04-05,0.15032693736522248
2020-04-06,0.15111215334269365
2020-04-07,0.1522114041647868
2020-04-08,0.1515732453763654
2020-04-09,0.1513474342910451
2020-04-10,0.1512955434180509
2020-04-11,0.1508045075378278
2020-04-12,0.14855851751778393
2020-04-13,0.14776000664714226
2020-04-14,0.14695061293183276
2020-04-15,0.14719104426921892
2020-04-16,0.1476287400482872
2020-04-17,0.14793090347591364
2020-04-18,0.14820771550111997
2020-04-19,0.14729540445279898
2020-04-20,0.14583176072771298
2020-04-21,0.14663287072079484
2020-04-22,0.14515527381038212
2020-04-23,0.1471155600332996
2020-04-24,0.1474075583942768
2020-04-25,0.14752246127716118
2020-04-26,0.1479117564650097
2020-04-27,0.1474499062243421
2020-04-28,0.1481719271871545
2020-04-29,0.14803855117804798
2020-04-30,0.1472006060063258
2020-05-01,0.14764468997291155
2020-05-02,0.1503682634641464
2020-05-03,0.14925243834130722
2020-05-04,0.14902468389129334
2020-05-05,0.15035639687654964
2020-05-06,0.1498642510556174
2020-05-07,0.1512232971296191
2020-05-08,0.15230806978914893
2020-05-09,0.15232368581016886
2020-05-10,0.15215025755975334
2020-05-11,0.15309054160029018
2020-05-12,0.15231307734585303
2020-05-13,0.1530739738382181
2020-05-14,0.1544757264505034
2020-05-15,0.1557073797834538
2020-05-16,0.15670853790468667
2020-05-17,0.15573048633262013
2020-05-18,0.15640844235180887
2020-05-19,0.15633897828036908
2020-05-20,0.1552816172472187
2020-05-21,0.15514149629292065
2020-05-22,0.1537080010690156
2020-05-23,0.15352891985281428
2020-05-24,0.15340587721719962
2020-05-25,0.15394407259669476
2020-05-26,0.15500955068977798
2020-05-27,0.15360823052158554
2020-05-28,0.15228062679111343
2020-05-29,0.15023431090326508
2020-05-30,0.1510728445166569
2020-05-31,0.15038591346329933
2020-06-01,0.14982390026770928
2020-06-02,0.14977961195720296
2020-06-03,0.14977487519460828
2020-06-04,0.15045906111536228
2020-06-05,0.14829879023621173
2020-06-06,0.14810143092160366
2020-06-07,0.14686889825517452
2020-06-08,0.14856073789270277
2020-06-09,0.14909202567986918
2020-06-10,0.1494439945193699
2020-06-11,0.15161608662103473
2020-06-12,0.1514698797095913
2020-06-13,0.1523660747095989
2020-06-14,0.15090487346373999
2020-06-15,0.1511062854508396
2020-06-16,0.1533809414576478
2020-06-17,0.1538789522961369
2020-06-18,0.15312709729659446
2020-06-19,0.15215150125748075
2020-06-20,0.1505776349026775
2020-06-21,0.15102127238292676
2020-06-22,0.15188232404467322
2020-06-23,0.15200943021661484
2020-06-24,0.1511980835624264
2020-06-25,0.15143990409746338
2020-06-26,0.15075316128679542
2020-06-27,0.15197389599139918
2020-06-28,0.15156302695921903
2020-06-29,0.15068025791745207
2020-06-30,0.15013462942793174
2020-07-01,0.1505214295697211
2020-07-02,0.1492909382951705
2020-07-03,0.14995796760626326
2020-07-04,0.14968670647621882
2020-07-05,0.14976852664761037
2020-07-06,0.14963856079154048
2020-07-07,0.15190261962981488
2020-07-08,0.15173311426245153
2020-07-09,0.15257833968791457
2020-07-10,0.15503156868194246
2020-07-11,0.15545732098017803
2020-07-12,0.15730491683821515
2020-07-13,0.15740237159279225
2020-07-14,0.1581990782287052
2020-07-15,0.15761037015205956
2020-07-16,0.1564981912244226
2020-07-17,0.15552942018385144
2020-07-18,0.15550526507190496
2020-07-19,0.15579100347691477
2020-07-20,0.15467410034980264
2020-07-21,0.15329574401980683
2020-07-22,0.15141901589948423
2020-07-23,0.1535457250617382
2020-07-24,0.15365331827770032
2020-07-25,0.15150805010333124
2020-07-26,0.1514989590402952
2020-07-27,0.15133968819955987
2020-07-28,0.14996251473192976
2020-07-29,0.1511218262792519
2020-07-30,0.1506644638213465
2020-07-31,0.1507057570798905
2020-08-01,0.1504214447533641
2020-08-02,0.15046783016645418
2020-08-03,0.1514853631039625
2020-08-04,0.15209103375897207
2020-08-05,0.15163914693123012
2020-08-06,0.15321463508910702
2020-08-07,0.15475482817687305
2020-08-08,0.1532916255778458
2020-08-09,0.1521770760893316
2020-08-10,0.15156591186063575
2020-08-11,0.15309099608380483
2020-08-12,0.15290828288302452
2020-08-13,0.15233636155095548
2020-08-14,0.15230236785144857
2020-08-15,0.152078225083777
2020-08-16,0.15192224642810342
2020-08-17,0.15085260897764807
2020-08-18,0.15005945023178055
2020-08-19,0.14979228904997574
2020-08-20,0.1511738648107238
2020-08-21,0.1524630261082021
2020-08-22,0.15337871282212695
2020-08-23,0.15374203901654396
2020-08-24,0.15113016344047406
2020-08-25,0.15291053080188408
2020-08-26,0.15402854298219412
2020-08-27,0.15365922362220372
2020-08-28,0.15301084025092465
2020-08-29,0.15319691227773607
2020-08-30,0.1532416223254161
2020-08-31,0.1525489489405804
2020-09-01,0.15404292946620668
2020-09-02,0.1533878760576671
2020-09-03,0.15363774726673962
2020-09-04,0.1524334957653408
2020-09-05,0.15217820647285582
2020-09-06,0.15326047263250522
2020-09-07,0.15330304227779032
2020-09-08,0.15271612894671785
2020-09-09,0.1507679528040185
2020-09-10,0.15042696146218096
2020-09-11,0.15007230782099185
2020-09-12,0.15080565374809946
2020-09-13,0.1521278726082365
2020-09-14,0.15090930166952685
2020-09-15,0.15171099222099918
2020-09-16,0.15074225597281132
2020-09-17,0.15189159380583833
2020-09-18,0.151454798263413
2020-09-19,0.1520120773483847
2020-09-20,0.1535609068194647
2020-09-21,0.15185723664273137
2020-09-22,0.15200409522310226
2020-09-23,0.1535814898695106
2020-09-24,0.15436061150880268
2020-09-25,0.15652655286751166
2020-09-26,0.1560303048012595
2020-09-27,0.15711551526689524
2020-09-28,0.1578339554579927
2020-09-29,0.15788454374884148
2020-09-30,0.1568722241908115
2020-10-01,0.1570959565537595
2020-10-02,0.15902971665560947
2020-10-03,0.16027959746621273
2020-10-04,0.16076801354561943
2020-10-05,0.16027409630194184
2020-10-06,0.15886658378348084
2020-10-07,0.1586675539339205
2020-10-08,0.15775856682819867
2020-10-09,0.15740265703855566
2020-10-10,0.15850528497455546
2020-10-11,0.1597305260326718
2020-10-12,0.16081770359100317
2020-10-13,0.1613618578176844
2020-10-14,0.16083206146376128
2020-10-15,0.16127105948061285
2020-10-16,0.15954435141944498
2020-10-17,0.1606483974747461
2020-10-18,0.1595490545576979
2020-10-19,0.16088319110673774
2020-10-20,0.16024964646456394
2020-10-21,0.16248276068890918
2020-10-22,0.16221890271744294
2020-10-23,0.16210320552040097
2020-10-24,0.16286560575031106
2020-10-25,0.16152373963144123
2020-10-26,0.16174233939023203
2020-10-27,0.16073705631866228
2020-10-28,0.16141390707161654
2020-10-29,0.161913663445229
2020-10-30,0.16213799364840942
2020-10-31,0.16337417597726372
2020-11-01,0.1635176730109117
2020-11-02,0.16132290655493572
2020-11-03,0.16056969025060028
2020-11-04,0.1596101086924356
2020-11-05,0.16027349458150747
2020-11-06,0.1600711346261827
2020-11-07,0.1594281055657527
2020-11-08,0.15861465303499991
2020-11-09,0.15827303560106007
2020-11-10,0.1586948756643214
2020-11-11,0.15958438234765446
2020-11-12,0.15962188864803464
2020-11-13,0.15917900978317653
2020-11-14,0.15921826116527873
2020-11-15,0.15800716154159355
2020-11-16,0.15754923874452037
2020-11-17,0.15897785170206746
2020-11-18,0.16005005613075035
2020-11-19,0.16228651947598613
2020-11-20,0.1615533176134693
2020-11-21,0.16415356029852857
2020-11-22,0.1636467090555275
2020-11-23,0.16299355664586074
2020-11-24,0.16329055426072595
2020-11-25,0.16378185790816907
2020-11-26,0.16397609833537505
2020-11-27,0.16389852361801585
2020-11-28,0.1659603499885535
2020-11-29,0.16476240648237211
2020-11-30,0.16366585720520582
2020-12-01,0.16387869513844291
2020-12-02,0.16378138916368054
2020-12-03,0.16383230261279075
2020-12-04,0.166150184137176
2020-12-05,0.1678218632571915
2020-12-06,0.16846513098433924
2020-12-07,0.1676992655044906
2020-12-08,0.1679543689244792
2020-12-09,0.16621253990706997
2020-12-10,0.16536369706594062
2020-12-11,0.16611344678474566
2020-12-12,0.16517397252630786
2020-12-13,0.16455991329907652
2020-12-14,0.16478412868259915
2020-12-15,0.16184666493833977
2020-12-16,0.1620592940062098
2020-12-17,0.1623728152815125
2020-12-18,0.16294064124048002
2020-12-19,0.16462330144148718
2020-12-20,0.16410701489573176
2020-12-21,0.1639011600733516
2020-12-22,0.16311521473681342
2020-12-23,0.16249432994357751
2020-12-24,0.16177202554229397
2020-12-25,0.16105268833791375
2020-12-26,0.15909181974666997
2020-12-27,0.15795011128936137
2020-12-28,0.1587459879464289
2020-12-29,0.15840580458701295
2020-12-30,0.15791365440493838
2020-12-31,0.15747869251165716
2021-01-01,0.157792483813602
2021-01-02,0.1564653197730966
2021-01-03,0.15737593965821742
2021-01-04,0.1552964535245182
2021-01-05,0.15631424088011409
2021-01-06,0.15674091543963495
2021-01-07,0.15468183557476745
2021-01-08,0.15476840206302953
2021-01-09,0.1551683707916231
2021-01-10,0.15397419728144907
2021-01-11,0.15390860079494822
2021-01-12,0.15239186560942503
2021-01-13,0.15325974229643477
2021-01-14,0.1539637778013308
2021-01-15,0.15394961478898025
2021-01-16,0.15139827746350656
2021-01-17,0.1513391728435304
2021-01-18,0.15116090954437014
2021-01-19,0.1504887784269052
2021-01-20,0.14903104236107811
2021-01-21,0.1481895149768544
2021-01-22,0.14769708687902242
2021-01-23,0.1475916277508875
2021-01-24,0.14825033428975803
2021-01-25,0.148878093693004
2021-01-26,0.14908079947134376
2021-01-27,0.14805218300980819
2021-01-28,0.14825204250608842
2021-01-29,0.14890922134069787
2021-01-30,0.1495996995616996
2021-01-31,0.15055865118623057
2021-02-01,0.14823658397340922
2021-02-02,0.146793430361842
2021-02-03,0.14640032481904575
2021-02-04,0.14718415173584468
2021-02-05,0.14802725968588634
2021-02-06,0.14739976433720153
2021-02-07,0.1494799696714107
2021-02-08,0.14761761991928066
2021-02-09,0.14729243274039253
2021-02-10,0.14798429265311425
2021-02-11,0.1475198254623661
2021-02-12,0.14658090895345394
2021-02-13,0.14779324777667135
2021-02-14,0.14766268724051507
2021-02-15,0.14787499624683134
2021-02-16,0.14907628416235155
2021-02-17,0.1482768528444351
2021-02-18,0.14847972122484504
2021-02-19,0.1480644060503095
2021-02-20,0.1468660276607406
2021-02-21,0.14793416260023246
2021-02-22,0.14847314724454633
2021-02-23,0.14875776467907278
2021-02-24,0.14884031325633645
2021-02-25,0.1502465139914505
2021-02-26,0.14766615473653424
2021-02-27,0.14737815715365102
2021-02-28,0.14592400615924384
2021-03-01,0.14616642108866953
2021-03-02,0.1473902194248958
2021-03-03,0.14653899110155508
2021-03-04,0.14806557834937528
2021-03-05,0.1484350293375289
2021-03-06,0.1492167656082754
2021-03-07,0.1500243518407792
2021-03-08,0.150419594651971
2021-03-09,0.1494833061571379
2021-03-10,0.1487585864507165
2021-03-11,0.14872578512139487
2021-03-12,0.14825417186684708
2021-03-13,0.14881794054259648
2021-03-14,0.14655001322187455
2021-03-15,0.14689266720996405
2021-03-16,0.14679469997001013
2021-03-17,0.14655445535639214
2021-03-18,0.14645815168523293
2021-03-19,0.1442637652447854
2021-03-20,0.14495804141470886
2021-03-21,0.14498716281384677
2021-03-22,0.14744019826343366
2021-03-23,0.14815899144286884
2021-03-24,0.14837238273158365
2021-03-25,0.14728492654160755
2021-03-26,0.14639758467366634
2021-03-27,0.14545727988395452
2021-03-28,0.1473793986088031
2021-03-29,0.14655270141131332
2021-03-30,0.14503033755903788
2021-03-31,0.14595236167814674
2021-04-01,0.14682532463504192
2021-04-02,0.14672477470397793
2021-04-03,0.147665230062825
2021-04-04,0.1479401682191035
2021-04-05,0.1466666461557547
2021-04-06,0.14877364283158237
2021-04-07,0.14655868562162608
2021-04-08,0.14621639756488453
2021-04-09,0.14768322801951086
2021-04-10,0.14965351891226197
2021-04-11,0.14872842638522668
2021-04-12,0.14872235497023742
2021-04-13,0.14773406312523477
2021-04-14,0.14922283338478307
2021-04-15,0.14950324427954814
2021-04-16,0.14915433341639336
2021-04-17,0.14970858598415945
2021-04-18,0.14816634474810267
2021-04-19,0.14690881419664198
2021-04-20,0.14718031656274336
2021-04-21,0.1484705450792446
2021-04-22,0.1482240044429499
2021-04-23,0.14856648363422892
2021-04-24,0.14753605080539606
2021-04-25,0.14930099302369532
2021-04-26,0.1501485525482903
2021-04-27,0.15148323134395897
2021-04-28,0.1531579646019758
2021-04-29,0.15292108361800819
2021-04-30,0.15256538215787657
2021-05-01,0.1505328855194266
2021-05-02,0.15009005056519162
2021-05-03,0.15076149443732328
2021-05-04,0.15184585571793807
2021-05-05,0.15212232424435038
2021-05-06,0.1520067761380535
2021-05-07,0.15299514922683657
2021-05-08,0.15340644321555716
2021-05-09,0.15277943647712647
2021-05-10,0.15263338022036843
2021-05-11,0.15290631100781668
2021-05-12,0.15180736754799773
2021-05-13,0.14905010371440158
2021-05-14,0.1498062395533567
2021-05-15,0.14882347123008072
2021-05-16,0.14973432015586807
2021-05-17,0.1503947336865628
2021-05-18,0.15026580124331454
2021-05-19,0.15209381361381064
2021-05-20,0.15276977458804597
2021-05-21,0.15241781906154084
2021-05-22,0.1540393452102661
2021-05-23,0.15295107942506983
2021-05-24,0.15042394302173073
2021-05-25,0.1500668099701729
2021-05-26,0.15101478653385758
2021-05-27,0.1514516685626964
2021-05-28,0.15117994003898638
2021-05-29,0.15187930641905625
2021-05-30,0.15110128426641456
2021-05-31,0.14991491553842554
2021-06-01,0.14935654505137777
2021-06-02,0.14862056845917904
2021-06-03,0.14759537832554478
2021-06-04,0.14743148790404972
2021-06-05,0.14868253343130458
2021-06-06,0.14836527915165446
2021-06-07,0.14744433783429906
2021-06-08,0.14690651406139071
2021-06-09,0.14668215702646203
2021-06-10,0.1472395005105901
2021-06-11,0.1480183377871117
2021-06-12,0.1497849033946211
2021-06-13,0.1492200916084325
2021-06-14,0.14972744849558062
2021-06-15,0.14953969005057718
2021-06-16,0.14853659980583447
2021-06-17,0.1485386166215802
2021-06-18,0.14632955285369578
2021-06-19,0.14593758173073682
2021-06-20,0.14584828824292675
2021-06-21,0.14557148069876424
2021-06-22,0.1448331885060673
2021-06-23,0.1453113571956632
2021-06-24,0.14478423411866342
2021-06-25,0.1439277178065925
2021-06-26,0.14391622918262
2021-06-27,0.14357526109180077
2021-06-28,0.1444972980428845
2021-06-29,0.14495212196723273
2021-06-30,0.1460626323430586
2021-07-01,0.1452085864525868
2021-07-02,0.14467434836712667
2021-07-03,0.14451562477965463
2021-07-04,0.14489428242142924
2021-07-05,0.14651684627266565
2021-07-06,0.14411133439644602
2021-07-07,0.14314460724529626
2021-07-08,0.14385037802367498
2021-07-09,0.14406725516006658
2021-07-10,0.14221334847000455
2021-07-11,0.14090125929514094
2021-07-12,0.13973593886006608
2021-07-13,0.13919849335394974
2021-07-14,0.13870334892744426
2021-07-15,0.13931395819987852
2021-07-16,0.14077902812461754
2021-07-17,0.14106237347772208
2021-07-18,0.1410657835028799
2021-07-19,0.1406056229998126
2021-07-20,0.13989787760273475
2021-07-21,0.13973588845502455
2021-07-22,0.13936481498828818
2021-07-23,0.1405839220547352
2021-07-24,0.142064563909218
2021-07-25,0.14097769313289213
2021-07-26,0.13891282245581982
2021-07-27,0.13800039488157395
2021-07-28,0.13601110845626094
2021-07-29,0.1369062547795223
2021-07-30,0.1377172209372242
2021-07-31,0.13851359197951096
2021-08-01,0.13927622928092828
2021-08-02,0.13994613212667406
2021-08-03,0.14125612630307166
2021-08-04,0.14143405365606293
2021-08-05,0.14183206398391135
2021-08-06,0.1416097009858606
2021-08-07,0.14235173027476292
2021-08-08,0.13994596959884434
2021-08-09,0.14068850945312278
2021-08-10,0.1414624906214619
2021-08-11,0.1432695007916165
2021-08-12,0.14188483466363103
2021-08-13,0.1420728361255984
2021-08-14,0.14188188478292418
2021-08-15,0.14036448099229243
2021-08-16,0.14160881809241044
2021-08-17,0.14205130029382304
2021-08-18,0.14279978213568142
2021-08-19,0.14096382475788746
2021-08-20,0.13986767113519633
2021-08-21,0.13934755515636002
2021-08-22,0.13887018311019192
2021-08-23,0.13674879367245335
2021-08-24,0.13595724013720742
2021-08-25,0.13578846878953027
2021-08-26,0.1353985568723688
2021-08-27,0.13568815476671106
2021-08-28,0.13533703323895066
2021-08-29,0.13398825191825017
2021-08-30,0.13389522797184364
2021-08-31,0.1342648851793108
2021-09-01,0.13387209952819185
2021-09-02,0.1340233551111354
2021-09-03,0.1369683394254669
2021-09-04,0.13859715734941522
2021-09-05,0.13825073877818508
2021-09-06,0.13723197266379378
2021-09-07,0.1373666346871384
2021-09-08,0.13722592913659087
2021-09-09,0.13696495216083243
2021-09-10,0.1377820009255969
2021-09-11,0.13785575477786563
2021-09-12,0.13845396778528898
2021-09-13,0.13860362808503587
2021-09-14,0.14132371329460403
2021-09-15,0.1397099293966595
2021-09-16,0.14123293488248512
2021-09-17,0.1388479186523617
2021-09-18,0.139764629562014
2021-09-19,0.13867993091382408
2021-09-20,0.13886347375926927
2021-09-21,0.1407122732493915
2021-09-22,0.14111122036946716
2021-09-23,0.1420031836861187
2021-09-24,0.14323468436400785
2021-09-25,0.14321127023172942
2021-09-26,0.14246306787961407
2021-09-27,0.1426118631473526
2021-09-28,0.14305001130400613
2021-09-29,0.14343366550169204
2021-09-30,0.14498280106561626
2021-10-01,0.1442562175527114
2021-10-02,0.14523141341639173
2021-10-03,0.14394662591100338
2021-10-04,0.14605081131056502
2021-10-05,0.14627806837478868
2021-10-06,0.145148902075199
2021-10-07,0.14486757010840495
2021-10-08,0.1441281534081417
2021-10-09,0.1415438323020788
2021-10-10,0.14036718466881135
2021-10-11,0.14133838610831215
2021-10-12,0.14009836385746
2021-10-13,0.1407769350314248
2021-10-14,0.141557536701423
2021-10-15,0.14248854686343732
2021-10-16,0.14271934970595582
2021-10-17,0.14176716289697738
2021-10-18,0.1407102249858444
2021-10-19,0.1407203294683655
2021-10-20,0.1420111405665562
2021-10-21,0.14285457573534394
2021-10-22,0.14182316286417573
2021-10-23,0.14044144291847527
2021-10-24,0.14038437112555782
2021-10-25,0.1407941738740292
2021-10-26,0.14151702625396653
2021-10-27,0.14135508463035862
2021-10-28,0.14124228914274894
2021-10-29,0.13988175144092563
2021-10-30,0.14157773600350035
2021-10-31,0.14147582077452103
2021-11-01,0.14256156646199958
2021-11-02,0.1423685041212482
2021-11-03,0.14288153997777364
2021-11-04,0.14308420676652706
2021-11-05,0.14386606692260825
2021-11-06,0.14327046942934568
2021-11-07,0.14346437668490739
2021-11-08,0.14321825860759135
2021-11-09,0.14292296749805583
2021-11-10,0.14402545964666955
2021-11-11,0.14446737038819307
2021-11-12,0.14328885368402983
2021-11-13,0.14315481660052357
2021-11-14,0.14277896484707722
2021-11-15,0.14289552033800726
2021-11-16,0.14175853694784457
2021-11-17,0.14273083201303824
2021-11-18,0.14290078288978142
2021-11-19,0.14175102074399562
2021-11-20,0.14119325600635158
2021-11-21,0.1436258118015978
2021-11-22,0.1456558752935562
2021-11-23,0.14597309333857203
2021-11-24,0.1470151483021529
2021-11-25,0.1484121510120141
2021-11-26,0.14702611927611212
2021-11-27,0.14770176860545564
2021-11-28,0.14749296635506473
2021-11-29,0.14753457868342787
2021-11-30,0.14716978610624198
2021-12-01,0.1457871238560252
2021-12-02,0.14581983806081852
2021-12-03,0.14408979315843856
2021-12-04,0.14347775662197174
2021-12-05,0.1446436237092794
2021-12-06,0.14542850192960938
2021-12-07,0.14489511758200221
2021-12-08,0.1462653101945528
2021-12-09,0.14565891099491787
2021-12-10,0.14475023730773326
2021-12-11,0.147035122638004
2021-12-12,0.1477234284639333
2021-12-13,0.14838582519797103
2021-12-14,0.1492747216436865
2021-12-15,0.14981909549875586
2021-12-16,0.14909257477695811
2021-12-17,0.14840562798236354
2021-12-18,0.1487415373458678
2021-12-19,0.14923003268977422
2021-12-20,0.15015155333278812
2021-12-21,0.15004191983280873
2021-12-22,0.15188988691793187
2021-12-23,0.150564733400132
2021-12-24,0.15249486937583792
2021-12-25,0.153898159488788
2021-12-26,0.15422506902499403
2021-12-27,0.15453198112793906
2021-12-28,0.15428684437178838
2021-12-29,0.15346986309778912
2021-12-30,0.15302016978792252
2021-12-31,0.1534266739735983
2022-01-01,0.15566736706414283
2022-01-02,0.15655280867148327
2022-01-03,0.15511265978393524
2022-01-04,0.15411492930014792
2022-01-05,0.15505536079143656
2022-01-06,0.1550830409191676
2022-01-07,0.15405331652585724
2022-01-08,0.15309412187906488
2022-01-09,0.1519030748460069
2022-01-10,0.15365859020902312
2022-01-11,0.1536127959677178
2022-01-12,0.1535974189527817
2022-01-13,0.15325501455933438
2022-01-14,0.15265255238469722
2022-01-15,0.15114494196662748
2022-01-16,0.15146176793315186
2022-01-17,0.15276073843073143
2022-01-18,0.15241695313564707
2022-01-19,0.1527770139068009
2022-01-20,0.15392444022684854
2022-01-21,0.1547520997965974
2022-01-22,0.1539572371790798
2022-01-23,0.1536357512609897
2022-01-24,0.1537856980370683
2022-01-25,0.15547720399002465
2022-01-26,0.1567214922850053
2022-01-27,0.15660976924153394
2022-01-28,0.15472316919676485
2022-01-29,0.1546578926180738
2022-01-30,0.15380948085313914
2022-01-31,0.1547252741413931
2022-02-01,0.15384425824069517
2022-02-02,0.1531675689725506
2022-02-03,0.153239322978471
2022-02-04,0.15314495676089993
2022-02-05,0.1522639416280651
2022-02-06,0.15377786650537523
2022-02-07,0.15271258748287442
2022-02-08,0.14964338065520955
2022-02-09,0.1479200261764199
2022-02-10,0.14813456533064223
2022-02-11,0.1480583967663692
2022-02-12,0.14640590344019375
2022-02-13,0.14454679523015818
2022-02-14,0.14455323989042274
2022-02-15,0.14599675980112714
2022-02-16,0.1464355491356591
2022-02-17,0.14560603535591163
2022-02-18,0.14605166263322417
2022-02-19,0.14522189810766137
2022-02-20,0.1429372816728212
2022-02-21,0.1432439959040751
2022-02-22,0.14348249348155911
2022-02-23,0.14441383758053544
2022-02-24,0.1451521318628275
2022-02-25,0.14512474831597247
2022-02-26,0.14588959848537048
2022-02-27,0.14505787139187887
2022-02-28,0.1436470142029153
2022-03-01,0.14184873540407802
2022-03-02,0.14115057658265462
2022-03-03,0.14175747853234197
2022-03-04,0.14260766554825527
2022-03-05,0.14175676406774304
2022-03-06,0.14219513105124618
2022-03-07,0.14281997745655675
2022-03-08,0.1436939225162403
2022-03-09,0.14407460935538421
2022-03-10,0.1431111583652044
2022-03-11,0.14300582701702816
2022-03-12,0.14195534259580284
2022-03-13,0.1407380237867101
2022-03-14,0.14220903457302334
2022-03-15,0.14287609292582346
2022-03-16,0.14290183151427574
2022-03-17,0.1419806915280775
2022-03-18,0.14144326691349965
2022-03-19,0.14140622137694941
2022-03-20,0.14230782187790444
2022-03-21,0.14293211753308638
2022-03-22,0.1429271026589214
2022-03-23,0.14376545189320317
2022-03-24,0.14310888217255885
2022-03-25,0.1449374905098827
2022-03-26,0.1455163924272297
2022-03-27,0.1431986093499128
2022-03-28,0.14261275569732879
2022-03-29,0.14227237828379471
2022-03-30,0.1439935723157872
2022-03-31,0.14395320778991205
2022-04-01,0.14395263575499567
2022-04-02,0.14493636085277034
2022-04-03,0.14610682135395875
2022-04-04,0.14405176497637157
2022-04-05,0.1446508399658854
2022-04-06,0.14334502948174102
2022-04-07,0.14324169647262777
2022-04-08,0.14291000629077627
2022-04-09,0.14381405160612726
2022-04-10,0.14677045037282427
2022-04-11,0.1451856913335727
2022-04-12,0.1456827876816818
2022-04-13,0.1469484513234634
2022-04-14,0.14676642788084382
2022-04-15,0.14612852395433196
2022-04-16,0.14789272573125656
2022-04-17,0.14753920417975833
2022-04-18,0.14714873950192958
2022-04-19,0.14723066315223488
2022-04-20,0.1467346179692119
2022-04-21,0.147374718443484
2022-04-22,0.14622143804887106
2022-04-23,0.14550082280163745
2022-04-24,0.14509833680379045
2022-04-25,0.14584099580628787
2022-04-26,0.14651043575953193
2022-04-27,0.1479452200955333
2022-04-28,0.1476386573591907
2022-04-29,0.14800656799455908
2022-04-30,0.14927472228656016
2022-05-01,0.14934017499675947
2022-05-02,0.1501747437879174
2022-05-03,0.14905909238312437
2022-05-04,0.14990675005194753
2022-05-05,0.15014532131690447
2022-05-06,0.14968173369221027
2022-05-07,0.14853597928303913
2022-05-08,0.14851722844193932
2022-05-09,0.14905594450101525
2022-05-10,0.14931081249060923
2022-05-11,0.14921923533457562
2022-05-12,0.15028771425547596
2022-05-13,0.15137292772703387
2022-05-14,0.15053351932089518
2022-05-15,0.1503525495936793
2022-05-16,0.1499601189123002
2022-05-17,0.1501052127031099
2022-05-18,0.15004650424630495
2022-05-19,0.15073297432159502
2022-05-20,0.1496912064170081
2022-05-21,0.1499875471906838
2022-05-22,0.15293834287702845
2022-05-23,0.15101327473787948
2022-05-24,0.15086991765274216
2022-05-25,0.1496835440812156
2022-05-26,0.14987020965614045
2022-05-27,0.1508296731020592
2022-05-28,0.15114712131751232
2022-05-29,0.15260046448565964
2022-05-30,0.15316752829565816
2022-05-31,0.15447707721789436
2022-06-01,0.1546103769407863
2022-06-02,0.15364408687293274
2022-06-03,0.15400385202549646
2022-06-04,0.1541641302390177
2022-06-05,0.1543713038068031
2022-06-06,0.1552209408871439
2022-06-07,0.15449997024719903
2022-06-08,0.15461890623066496
2022-06-09,0.15386441356659952
2022-06-10,0.15473873525521126
2022-06-11,0.15407056686279655
2022-06-12,0.15440890640686095
2022-06-13,0.15321977523476946
2022-06-14,0.1531990511469631
2022-06-15,0.15355914804195264
2022-06-16,0.15464153638567876
2022-06-17,0.15508062186015248
2022-06-18,0.15574793747137725
2022-06-19,0.15555498274808774
2022-06-20,0.1555098408425327
2022-06-21,0.15505224375720053
2022-06-22,0.15532094583375128
2022-06-23,0.1558623589092181
2022-06-24,0.15642272515862046
2022-06-25,0.1568861482920148
2022-06-26,0.15818395464886245
2022-06-27,0.15795304507858243
2022-06-28,0.15966522210538445
2022-06-29,0.15991364975897607
2022-06-30,0.15917496672231285
2022-07-01,0.1595053983892372
2022-07-02,0.15944759262756245
2022-07-03,0.1594170098386378
2022-07-04,0.16035830330205886
2022-07-05,0.15975982106813819
2022-07-06,0.15877946604404303
2022-07-07,0.1589864868317284
2022-07-08,0.1583314649162716
2022-07-09,0.15846348239691496
2022-07-10,0.15925350427367177
2022-07-11,0.15788460031659354
2022-07-12,0.1588226487148576
2022-07-13,0.15930738006865164
2022-07-14,0.15955071976033713
2022-07-15,0.15812001456307498
2022-07-16,0.15705273236291611
2022-07-17,0.1562956442194243
2022-07-18,0.1558206336934487
2022-07-19,0.1559014028635385
2022-07-20,0.15719708401788796
2022-07-21,0.15772716694911756
2022-07-22,0.15730253213018555
2022-07-23,0.15670178556272796
2022-07-24,0.15807877271499837
2022-07-25,0.1584927836733569
2022-07-26,0.15952054516938327
2022-07-27,0.15869568378500437
2022-07-28,0.15895279453218125
2022-07-29,0.15824310453867094
2022-07-30,0.1580911018787268
2022-07-31,0.15746821144467316
2022-08-01,0.15732811330845275
2022-08-02,0.15713380733662474
2022-08-03,0.15576569091309078
2022-08-04,0.15460169835492504
2022-08-05,0.155032522053427
2022-08-06,0.15516642899251035
2022-08-07,0.15435475799121723
2022-08-08,0.15382647945113267
2022-08-09,0.15428928007961187
2022-08-10,0.15560251697232466
2022-08-11,0.15643569225605208
2022-08-12,0.15623379995437087
2022-08-13,0.15632711077564637
2022-08-14,0.15531713833158725
2022-08-15,0.1557341910540074
2022-08-16,0.1561673991484288
2022-08-17,0.15596733600112775
2022-08-18,0.15548541120416765
2022-08-19,0.15553808679884246
2022-08-20,0.15612851894983126
2022-08-21,0.15654800663741092
2022-08-22,0.1579860605049247
2022-08-23,0.1577768934970181
2022-08-24,0.15791744274510477
2022-08-25,0.1587629888898616
2022-08-26,0.1586053026524119
2022-08-27,0.1593967079417036
2022-08-28,0.15995701967664708
2022-08-29,0.16057961629103823
2022-08-30,0.15993010419819279
2022-08-31,0.16153587774061529
2022-09-01,0.16007936216540852
2022-09-02,0.15992011545405233
2022-09-03,0.16086538904138978
2022-09-04,0.15971445662118883
2022-09-05,0.1609006907891434
2022-09-06,0.15997748991027502
2022-09-07,0.15849066685477065
2022-09-08,0.15977937371174267
2022-09-09,0.15927539365912885
2022-09-10,0.1583460365651105
2022-09-11,0.15975745298097294
2022-09-12,0.1584526506327189
2022-09-13,0.15792668990526715
2022-09-14,0.15807418247476962
2022-09-15,0.15743531976728628
2022-09-16,0.15698085943771667
2022-09-17,0.1585815412727121
2022-09-18,0.1604796490093809
2022-09-19,0.16177487172894403
2022-09-20,0.1610978208587631
2022-09-21,0.16106350761121765
2022-09-22,0.16110594838135317
2022-09-23,0.16116531491707697
2022-09-24,0.16127784320623145
2022-09-25,0.16144999624737089
2022-09-26,0.1616823705369872
2022-09-27,0.16268950965589224
2022-09-28,0.16385139404686042
2022-09-29,0.16592520463629798
2022-09-30,0.1643734677857248
2022-10-01,0.16495276034130138
2022-10-02,0.16342262357149853
2022-10-03,0.1624813681882501
2022-10-04,0.16402913441481484
2022-10-05,0.16387024774928535
2022-10-06,0.16335612305960562
2022-10-07,0.16319536526551212
2022-10-08,0.16378394079623307
2022-10-09,0.16453389294180987
2022-10-10,0.16345191522464383
2022-10-11,0.1637386733390268
2022-10-12,0.1628960471529956
2022-10-13,0.16244940365948685
2022-10-14,0.16173280186401567
2022-10-15,0.1632479913301934
2022-10-16,0.16288493669301793
2022-10-17,0.16158969883442628
2022-10-18,0.16181301189436062
2022-10-19,0.16251530771092662
2022-10-20,0.16381510687936687
2022-10-21,0.1635965182808601
2022-10-22,0.16324058686880383
2022-10-23,0.16417299664394377
2022-10-24,0.16300002507164632
2022-10-25,0.16386992413743673
2022-10-26,0.1642214554060493
2022-10-27,0.16475619486965942
2022-10-28,0.1653405323963893
2022-10-29,0.16443608270525606
2022-10-30,0.1646405010131925
2022-10-31,0.16351113983952004
2022-11-01,0.16458376992829607
2022-11-02,0.16400148149465885
2022-11-03,0.16523929939474943
2022-11-04,0.1655286671637278
2022-11-05,0.16452408348963876
2022-11-06,0.16349155113031164
2022-11-07,0.16259047933733486
2022-11-08,0.1620756011734314
2022-11-09,0.16249345541332177
2022-11-10,0.16044462265456266
2022-11-11,0.15945487826621652
2022-11-12,0.15911658407666324
2022-11-13,0.1606204105794395
2022-11-14,0.16036220162812692
2022-11-15,0.16020760598634448
2022-11-16,0.15855177896064615
2022-11-17,0.15845822437433643
2022-11-18,0.15736814336668964
2022-11-19,0.15814615154268608
2022-11-20,0.16031510545982913
2022-11-21,0.1609025876068562
2022-11-22,0.15980114339129
2022-11-23,0.1604487654671813
2022-11-24,0.15958415958242564
2022-11-25,0.15926500558020246
2022-11-26,0.15940291659187864
2022-11-27,0.16065024237107442
2022-11-28,0.16075540375209638
2022-11-29,0.16135406149680592
2022-11-30,0.16142058496185094
2022-12-01,0.16203917653449734
2022-12-02,0.16193642499802655
2022-12-03,0.16316460528984253
2022-12-04,0.1617306852130104
2022-12-05,0.1609692988482802
2022-12-06,0.159856390661658
2022-12-07,0.15916309988302937
2022-12-08,0.15818381503900977
2022-12-09,0.15867819844507122
2022-12-10,0.15802719669916326
2022-12-11,0.15799078369586306
2022-12-12,0.15745571772705028
2022-12-13,0.15669878717468597
2022-12-14,0.15679898206250306
2022-12-15,0.1554907310880097
2022-12-16,0.15440161679634903
2022-12-17,0.15273759787341348
2022-12-18,0.15203731799365153
2022-12-19,0.15196139059352956
2022-12-20,0.15312130045500547
2022-12-21,0.152284796524433
2022-12-22,0.15386690093710528
2022-12-23,0.15373972110636747
2022-12-24,0.15417337724430666
2022-12-25,0.15434278573534485
2022-12-26,0.15491525057768746
2022-12-27,0.15674514380533225
2022-12-28,0.15816379486886906
2022-12-29,0.15718616709050942
2022-12-30,0.15676660027156863
2022-12-31,0.15719631460934533
2023-01-01,0.15613298674996967
2023-01-02,0.15652416909828717
2023-01-03,0.15644938315938292
2023-01-04,0.15545002239140862
2023-01-05,0.15579442538976376
2023-01-06,0.15676810654459838
2023-01-07,0.15582501977898303
2023-01-08,0.15742761497465435
2023-01-09,0.15766523074852293
2023-01-10,0.15753703506813266
2023-01-11,0.15792935762356358
2023-01-12,0.15533646363826964
2023-01-13,0.1561117551013263
2023-01-14,0.15637667187535936
2023-01-15,0.15591991465513244
2023-01-16,0.1562570696309126
2023-01-17,0.1566620034096863
2023-01-18,0.15560105575988506
2023-01-19,0.15569474975908165
2023-01-20,0.15410245721798174
2023-01-21,0.15591626345405835
2023-01-22,0.1558128057552605
2023-01-23,0.15550756467041357
2023-01-24,0.15410285666757725
2023-01-25,0.1537371064347903
2023-01-26,0.15363983186424862
2023-01-27,0.15391496836261925
2023-01-28,0.15235607909097135
2023-01-29,0.1519872915136078
2023-01-30,0.15273385616553192
2023-01-31,0.15306180981695075
2023-02-01,0.1532119067794253
2023-02-02,0.1538831846778667
2023-02-03,0.1534851633308043
2023-02-04,0.1526850581996266
2023-02-05,0.15213126934140359
2023-02-06,0.15284458106135934
2023-02-07,0.1537352759203845
2023-02-08,0.15373977818363654
2023-02-09,0.15275438201527303
2023-02-10,0.15257610309431352
2023-02-11,0.15349991624559703
2023-02-12,0.15421446032197644
2023-02-13,0.15319320631413885
2023-02-14,0.15342550528318125
2023-02-15,0.1532705887284834
2023-02-16,0.1528705953402818
2023-02-17,0.15021220820810177
2023-02-18,0.14920877924486048
2023-02-19,0.15059806303021933
2023-02-20,0.15052671128176767
2023-02-21,0.15066559938640808
2023-02-22,0.15056883712821162
2023-02-23,0.15097195242862427
2023-02-24,0.15160010162446308
2023-02-25,0.15216809888055127
2023-02-26,0.1533500796677679
2023-02-27,0.15380878551812383
2023-02-28,0.1555125610039024
2023-03-01,0.1570231885957139
2023-03-02,0.15704200338304328
2023-03-03,0.1558287897509609
2023-03-04,0.15466924986102404
2023-03-05,0.1536732057678135
2023-03-06,0.15385522007730346
2023-03-07,0.15259702337056477
2023-03-08,0.1525861170965324
2023-03-09,0.15380649266623683
2023-03-10,0.1544265724640799
2023-03-11,0.1542231728414785
2023-03-12,0.15416339323133715
2023-03-13,0.15305122816124403
2023-03-14,0.1534211080291476
2023-03-15,0.15366409634673928
2023-03-16,0.15220840964641438
2023-03-17,0.1524130054128833
2023-03-18,0.15264930297867937
2023-03-19,0.1524406467061205
2023-03-20,0.1516220456974424
2023-03-21,0.15134998025096585
2023-03-22,0.15080412573586885
2023-03-23,0.14951273542183646
2023-03-24,0.15075402756523976
2023-03-25,0.1522493633807111
2023-03-26,0.15202793522468372
2023-03-27,0.15253683233801585
2023-03-28,0.15098909635986657
2023-03-29,0.1502549872409683
2023-03-30,0.15019320245665058
2023-03-31,0.14927650230044523
2023-04-01,0.15102479669403943
2023-04-02,0.15163615464810692
2023-04-03,0.15176062622884484
2023-04-04,0.1499951566748628
2023-04-05,0.1491820009370847
2023-04-06,0.14895532878457407
2023-04-07,0.1487120123316508
2023-04-08,0.14775335049703275
2023-04-09,0.14739352476739664
2023-04-10,0.1472148545588531
2023-04-11,0.14535989497263715
2023-04-12,0.14584271519220393
2023-04-13,0.14560530037514546
2023-04-14,0.14538181542419437
2023-04-15,0.14458900362902818
2023-04-16,0.14458020327192858
2023-04-17,0.14446636467661486
2023-04-18,0.14330506131930124
2023-04-19,0.14386303595590633
2023-04-20,0.14266662097561614
2023-04-21,0.14394272324368798
2023-04-22,0.1433998725782097
2023-04-23,0.14263226435208717
2023-04-24,0.14059424283341046
2023-04-25,0.13975682474493065
2023-04-26,0.14156451748113416
2023-04-27,0.14223706898109043
2023-04-28,0.141822686791143
2023-04-29,0.14184174558356064
2023-04-30,0.14246716267779377
2023-05-01,0.142185130137521
2023-05-02,0.1430600068645544
2023-05-03,0.14254370448153075
2023-05-04,0.14145383897501543
2023-05-05,0.14158141279417494
2023-05-06,0.14144188587717302
2023-05-07,0.13988437354697575
2023-05-08,0.14030928536815157
2023-05-09,0.14014851137426887
2023-05-10,0.1414637505827535
2023-05-11,0.140697522414377
2023-05-12,0.14055558546008973
2023-05-13,0.13941131173568738
2023-05-14,0.13995325208647144
2023-05-15,0.13989288684895582
2023-05-16,0.1399044670167871
2023-05-17,0.13947844202388407
2023-05-18,0.13860910849034666
2023-05-19,0.13894121396642886
2023-05-20,0.13871798384290548
2023-05-21,0.13890390185142346
2023-05-22,0.13897946175845816
2023-05-23,0.13946071789231076
2023-05-24,0.13954127198311927
2023-05-25,0.13935309353738973
2023-05-26,0.13804190106253406
2023-05-27,0.1379531766492214
2023-05-28,0.13946594676294743
2023-05-29,0.14003965493652193
2023-05-30,0.139498650960282
2023-05-31,0.1395998284505424
2023-06-01,0.14059438043098826
2023-06-02,0.14061309346230513
2023-06-03,0.1408687649679254
2023-06-04,0.14015758773455037
2023-06-05,0.1412614296604102
2023-06-06,0.1420113056843592
2023-06-07,0.14132112796581506
2023-06-08,0.14070501362466295
2023-06-09,0.13982953286079888
2023-06-10,0.1412129317201129
2023-06-11,0.1397486722618274
2023-06-12,0.1384580979562892
2023-06-13,0.13732111012752177
2023-06-14,0.1355047735472004
2023-06-15,0.1334454662500381
2023-06-16,0.1318681167348985
2023-06-17,0.13168720637185144
2023-06-18,0.13432020882769807
2023-06-19,0.13344635534105995
2023-06-20,0.13390900455819896
2023-06-21,0.1344807243396233
2023-06-22,0.13390386943189608
2023-06-23,0.1335257415533994
2023-06-24,0.1333382983321191
2023-06-25,0.13353501825690628
2023-06-26,0.1338971714657969
2023-06-27,0.1321093173499146
2023-06-28,0.1332326017442175
2023-06-29,0.13546408572233318
2023-06-30,0.13520488229143607
2023-07-01,0.13562458656750628
2023-07-02,0.1359893065958254
2023-07-03,0.13549101828146903
2023-07-04,0.13634438871548693
2023-07-05,0.13701425373191317
2023-07-06,0.13847174523355227
2023-07-07,0.1386584643483484
2023-07-08,0.14166451590149803
2023-07-09,0.1417356586122224
2023-07-10,0.14152016197033093
2023-07-11,0.14154948540370837
2023-07-12,0.14146049899344632
2023-07-13,0.14158489267395222
2023-07-14,0.14164942541212794
2023-07-15,0.1414199310048903
2023-07-16,0.1403711538198521
2023-07-17,0.1405406922575734
2023-07-18,0.1400583051455904
2023-07-19,0.13977525462802012
2023-07-20,0.1385279569916363
2023-07-21,0.13865627139853254
2023-07-22,0.13910415718103591
2023-07-23,0.1384066132022853
2023-07-24,0.13857210125935387
2023-07-25,0.13823581798142687
2023-07-26,0.1380700914448437
2023-07-27,0.13739525360508512
2023-07-28,0.13673453685524553
2023-07-29,0.13544879277539432
2023-07-30,0.13566925187301954
2023-07-31,0.13421907447365922
2023-08-01,0.13418542514294007
2023-08-02,0.13500479392864811
2023-08-03,0.13422743890431924
2023-08-04,0.1355245350601657
2023-08-05,0.13499467573204837
2023-08-06,0.13470742392882926
2023-08-07,0.13462109246104673
2023-08-08,0.13495501123154138
2023-08-09,0.1352555208369839
2023-08-10,0.13619351277396596
2023-08-11,0.13572629870391756
2023-08-12,0.13767474011569747
2023-08-13,0.13736599517196385
2023-08-14,0.13533873899212098
2023-08-15,0.13556896707280533
2023-08-16,0.135717787830287
2023-08-17,0.13901048215200298
2023-08-18,0.1385081074398771
2023-08-19,0.13944493823174597
2023-08-20,0.13986731694117094
2023-08-21,0.13865270164822066
2023-08-22,0.138289348150891
2023-08-23,0.13727297270757408
2023-08-24,0.1380891272900092
2023-08-25,0.13544706245870944
2023-08-26,0.13444747243371216
2023-08-27,0.13376317579497374
2023-08-28,0.13238455568479587
2023-08-29,0.13226789338913345
2023-08-30,0.1317669661915741
2023-08-31,0.13307189350132212
2023-09-01,0.1319018328847143
2023-09-02,0.1323291698643778
2023-09-03,0.13184229325562835
2023-09-04,0.1309023251171867
2023-09-05,0.1310959964455928
2023-09-06,0.13096552992077565
2023-09-07,0.13260194070638584
2023-09-08,0.13135462382078533
2023-09-09,0.13181017183214164
2023-09-10,0.13259765915240818
2023-09-11,0.13365253794423368
2023-09-12,0.13505543323111258
2023-09-13,0.1347151178558166
2023-09-14,0.1339488750145291
2023-09-15,0.13473993582944438
2023-09-16,0.13417185167743
2023-09-17,0.13248541390055082
2023-09-18,0.13428052055884634
2023-09-19,0.13376344477160693
2023-09-20,0.13514880267510393
2023-09-21,0.1346612419565174
2023-09-22,0.13561506740017085
2023-09-23,0.13520232900298979
2023-09-24,0.13645689502354544
2023-09-25,0.1374380308085001
2023-09-26,0.14000323469058432
2023-09-27,0.14048873608217066
2023-09-28,0.13885677331716414
2023-09-29,0.13687401567661994
2023-09-30,0.13759364075200411
2023-10-01,0.13792431812047795
2023-10-02,0.13753633097504056
2023-10-03,0.13915069878669248
2023-10-04,0.13738780824285718
2023-10-05,0.13708857142678027
2023-10-06,0.1368069661005238
2023-10-07,0.1363156325370892
2023-10-08,0.13642184353050366
2023-10-09,0.1370328875245007
2023-10-10,0.13748111658633547
2023-10-11,0.13829216729332933
2023-10-12,0.13824167476254726
2023-10-13,0.1372098892439664
2023-10-14,0.13779222420223397
2023-10-15,0.13863672275896075
2023-10-16,0.13825178138375438
2023-10-17,0.13689669843956576
2023-10-18,0.13752738595614605
2023-10-19,0.13784449716809397
2023-10-20,0.1378540371901073
2023-10-21,0.13871086748791314
2023-10-22,0.1405128532619333
2023-10-23,0.13951761383612554
2023-10-24,0.14272946130765057
2023-10-25,0.14256336005723202
2023-10-26,0.14433999655289226
2023-10-27,0.1440059072407697
2023-10-28,0.14377737368448218
2023-10-29,0.14369628183474376
2023-10-30,0.14196912486383523
2023-10-31,0.14241258488183559
2023-11-01,0.1417078256288033
2023-11-02,0.1422403174742221
2023-11-03,0.1426991589566691
2023-11-04,0.14330606781801475
2023-11-05,0.14218918924537155
2023-11-06,0.14176866021875517
2023-11-07,0.14136043656296152
2023-11-08,0.14227635162773364
2023-11-09,0.1422961343021924
2023-11-10,0.14133017940889786
2023-11-11,0.1413270407430568
2023-11-12,0.14021776439024747
2023-11-13,0.14141716137648414
2023-11-14,0.14050022801326115
2023-11-15,0.1401751300910306
2023-11-16,0.13951967040389518
2023-11-17,0.14055997164906825
2023-11-18,0.13971313015278342
2023-11-19,0.13969302009164006
2023-11-20,0.14074134291971446
2023-11-21,0.14212612710868017
2023-11-22,0.14241380055145325
2023-11-23,0.14276804598270562
2023-11-24,0.1432666592827259
2023-11-25,0.14302344783735801
2023-11-26,0.14288618685854493
2023-11-27,0.14340965211911488
2023-11-28,0.14214404800782374
2023-11-29,0.1426247222167908
2023-11-30,0.14562784551215674
2023-12-01,0.14547657338161574
2023-12-02,0.14475217813327448
2023-12-03,0.14479096788244838
2023-12-04,0.14467114926901237
2023-12-05,0.14549199787164327
2023-12-06,0.14448450068449972
2023-12-07,0.14381670776741237
2023-12-08,0.14386501103807403
2023-12-09,0.14404004897681116
2023-12-10,0.14424836488880907
2023-12-11,0.14232930526331902
2023-12-12,0.14330595634238122
2023-12-13,0.14519727439995914
2023-12-14,0.14562461825152748
2023-12-15,0.14429602353173712
2023-12-16,0.1441490892075651
2023-12-17,0.14279281658527562
2023-12-18,0.1424258537028209
2023-12-19,0.14261781197187445
2023-12-20,0.14400080443402308
2023-12-21,0.14293599301807677
2023-12-22,0.14266514264606378
2023-12-23,0.14542616898615648
2023-12-24,0.1460266179830097
2023-12-25,0.14733778358479296
2023-12-26,0.1483143866814939
2023-12-27,0.14819572647434723
2023-12-28,0.14775083644228143
2023-12-29,0.14665296653661217
2023-12-30,0.14622661620113883
2023-12-31,0.1459525918989662
2024-01-01,0.14584572493312611
2024-01-02,0.1469340401951706
2024-01-03,0.1439526681848753
2024-01-04,0.14279807216045284
2024-01-05,0.14276325188684025
2024-01-06,0.14302845049951388
2024-01-07,0.14262513869045418
2024-01-08,0.14178406101069913
2024-01-09,0.14281503109614246
2024-01-10,0.14321863537332263
2024-01-11,0.14338320521708303
2024-01-12,0.14288412603809467
2024-01-13,0.14371117944684533
2024-01-14,0.14058497796900282
2024-01-15,0.14085945997903948
2024-01-16,0.14166959305607918
2024-01-17,0.1424277540444262
2024-01-18,0.14170962684546573
2024-01-19,0.14032875598524677
2024-01-20,0.13982109598987655
2024-01-21,0.13990497386781886
2024-01-22,0.13901963470434853
2024-01-23,0.1396319629201749
2024-01-24,0.13946934912819522
2024-01-25,0.1397370951914681
2024-01-26,0.13832444297175261
2024-01-27,0.1378802018766442
2024-01-28,0.1366177002603121
2024-01-29,0.13812099592619428
2024-01-30,0.13873201983100017
2024-01-31,0.13826862834920026
2024-02-01,0.13800728451676397
2024-02-02,0.1398780420218157
2024-02-03,0.14055424719852488
2024-02-04,0.14016543635720816
2024-02-05,0.1391247407452172
2024-02-06,0.1367002035316056
2024-02-07,0.13715544353287315
2024-02-08,0.13673553182015366
2024-02-09,0.1387442812976817
2024-02-10,0.13938321202098963
2024-02-11,0.1390685464316252
2024-02-12,0.13901539574052366
2024-02-13,0.13890726487768254
2024-02-14,0.13801302802384813
2024-02-15,0.1377410256896967
2024-02-16,0.13891544184775978
2024-02-17,0.13840023074620994
2024-02-18,0.13689502163851938
2024-02-19,0.13549775915843384
2024-02-20,0.1354465988759758
2024-02-21,0.1354053595430765
2024-02-22,0.13516991817816032
2024-02-23,0.13389424124025628
2024-02-24,0.13407169143044814
2024-02-25,0.13387284277008354
2024-02-26,0.13474266233694682
2024-02-27,0.135157724678377
2024-02-28,0.13397093526260614
2024-02-29,0.13270431459892937
2024-03-01,0.1342908668065138
2024-03-02,0.13435196548096695
2024-03-03,0.1341748706731358
2024-03-04,0.13358943866843676
2024-03-05,0.13315090387928685
2024-03-06,0.13316850008737463
2024-03-07,0.13449996258052305
2024-03-08,0.1360840380765304
2024-03-09,0.13576037431534413
2024-03-10,0.1381014959716583
2024-03-11,0.1374879389614495
2024-03-12,0.13841286268226594
2024-03-13,0.13818908122250023
2024-03-14,0.13908020210005947
2024-03-15,0.13922535813880532
2024-03-16,0.1394701734429691
2024-03-17,0.13984778610587065
2024-03-18,0.1418774851353297
2024-03-19,0.14250989278983853
2024-03-20,0.1428688360052024
2024-03-21,0.14331852357954342
2024-03-22,0.14301267794134653
2024-03-23,0.14412208647663377
2024-03-24,0.14460936700307508
2024-03-25,0.1443055161888229
2024-03-26,0.14284819897170017
2024-03-27,0.14192767529944494
2024-03-28,0.14261034044516632
2024-03-29,0.14225486752475766
2024-03-30,0.14264760643464794
2024-03-31,0.1422665301720515
2024-04-01,0.14056014803392106
2024-04-02,0.1403998925709292
2024-04-03,0.13878292194698832
2024-04-04,0.1393991852468702
2024-04-05,0.14180577183591148
2024-04-06,0.14212097424983197
2024-04-07,0.1433817638319423
2024-04-08,0.14371276711590156
2024-04-09,0.1424125460834912
2024-04-10,0.1429653196340464
2024-04-11,0.14220075946955796
2024-04-12,0.14059768336171719
2024-04-13,0.14088028780383666
2024-04-14,0.1410687134008812
2024-04-15,0.13996345879010325
2024-04-16,0.13993783357903905
2024-04-17,0.1384760633288289
2024-04-18,0.14078299450348244
2024-04-19,0.14088440530886906
2024-04-20,0.14029562486342056
2024-04-21,0.14024739593418944
2024-04-22,0.14100788863035885
2024-04-23,0.14172049479033164
2024-04-24,0.14059161148505364
2024-04-25,0.14098037378252312
2024-04-26,0.1407627909371628
2024-04-27,0.14225519417957044
2024-04-28,0.14213480525688355
2024-04-29,0.14173395451796894
2024-04-30,0.14123406798806581
2024-05-01,0.14032479989289923
2024-05-02,0.13888995461983103
2024-05-03,0.1376435483874881
2024-05-04,0.13813413164132443
2024-05-05,0.13767564389615555
2024-05-06,0.13591320167062124
2024-05-07,0.13462832599323302
2024-05-08,0.13481524944576578
2024-05-09,0.1364833117958388
2024-05-10,0.13796904533694096
2024-05-11,0.1366597632905939
2024-05-12,0.13625962570065955
2024-05-13,0.1355693641076664
2024-05-14,0.13528417988345048
2024-05-15,0.13584534968248868
2024-05-16,0.1356229011989427
2024-05-17,0.13572549152696778
2024-05-18,0.13436224448121253
2024-05-19,0.13381174131826265
2024-05-20,0.13475359834681291
2024-05-21,0.13517031099799512
2024-05-22,0.13672911614829597
2024-05-23,0.13626668815974727
2024-05-24,0.1359146333156961
2024-05-25,0.1366070059591289
2024-05-26,0.13526104677928727
2024-05-27,0.13386426867499762
2024-05-28,0.13261196174257123
2024-05-29,0.13380495667854098
2024-05-30,0.13294711032419948
2024-05-31,0.13319309073328064
2024-06-01,0.13437798435494033
2024-06-02,0.13271036721750304
2024-06-03,0.13303226959956727
2024-06-04,0.13317485804133902
2024-06-05,0.13406266069660583
2024-06-06,0.13544705230528245
2024-06-07,0.13338352167028372
2024-06-08,0.13380165281161865
2024-06-09,0.13212365050758693
2024-06-10,0.1349892521539229
2024-06-11,0.1343137372027692
2024-06-12,0.133099762558043
2024-06-13,0.13137621899996363
2024-06-14,0.13136465995908794
2024-06-15,0.1300812141019254
2024-06-16,0.13074212927246887
2024-06-17,0.13062642522589343
2024-06-18,0.13092713593895805
2024-06-19,0.12996526854884394
2024-06-20,0.13064411064575052
2024-06-21,0.13105477543511837
2024-06-22,0.13182393851783086
2024-06-23,0.1299635893218087
2024-06-24,0.12970332100695345
2024-06-25,0.12904783999266384
2024-06-26,0.12986296906911426
2024-06-27,0.12875849171267661
2024-06-28,0.12873264723435757
2024-06-29,0.12804795249535597
2024-06-30,0.128790981338935
2024-07-01,0.1288837548653408
2024-07-02,0.12707292207586637
2024-07-03,0.1285371575442628
2024-07-04,0.1306468945076395
2024-07-05,0.13115819700090445
2024-07-06,0.13207966734078722
2024-07-07,0.1312835557141221
2024-07-08,0.13143934000223312
2024-07-09,0.13306583053542506
2024-07-10,0.13474980519967883
2024-07-11,0.1346480274739652
2024-07-12,0.13462102720675556
2024-07-13,0.1340649298128967
2024-07-14,0.13372998783317985
2024-07-15,0.13416055230305696
2024-07-16,0.13384570060322964
2024-07-17,0.13437803389846567
2024-07-18,0.13485889748258695
2024-07-19,0.1354955675486823
2024-07-20,0.13668644069460248
2024-07-21,0.1379048180561364
2024-07-22,0.1378176409707537
2024-07-23,0.13795081159707248
2024-07-24,0.1380040757699748
2024-07-25,0.13670959625587653
2024-07-26,0.13608250053140125
2024-07-27,0.13711570917622498
2024-07-28,0.1379568676808884
2024-07-29,0.1368380465552127
2024-07-30,0.13774868192369347
2024-07-31,0.14021217596722677
2024-08-01,0.14151765238465003
2024-08-02,0.14100980328089435
2024-08-03,0.14164996873774316
2024-08-04,0.13955506605364265
2024-08-05,0.13801916561098182
2024-08-06,0.13588622604216072
2024-08-07,0.13466480710963857
2024-08-08,0.1346137133755554
2024-08-09,0.13398675960665601
2024-08-10,0.1348952972837287
2024-08-11,0.13312515845452427
2024-08-12,0.1332522708155403
2024-08-13,0.1334548065966174
2024-08-14,0.13367419332900599
2024-08-15,0.13353224057402227
2024-08-16,0.13400349929744373
2024-08-17,0.13288186728083162
2024-08-18,0.13311675738535672
2024-08-19,0.13338282872751744
2024-08-20,0.13350495003613844
2024-08-21,0.13347099118792113
2024-08-22,0.13305907885068874
2024-08-23,0.13329868685023535
2024-08-24,0.13374372620579913
2024-08-25,0.13388933999789596
2024-08-26,0.1340677165708792
2024-08-27,0.13318815384547017
2024-08-28,0.13327107169109786
2024-08-29,0.13349314261994508
2024-08-30,0.13323328224172012
2024-08-31,0.13453037463342193
2024-09-01,0.13287962895845185
2024-09-02,0.13349113866022289
2024-09-03,0.13316582358995624
2024-09-04,0.13327752669629034
2024-09-05,0.134025453636921
2024-09-06,0.13448262823221893
2024-09-07,0.13458339001418268
2024-09-08,0.13602174364197556
2024-09-09,0.13462155469187828
2024-09-10,0.13266683429985124
2024-09-11,0.1319079777456667
2024-09-12,0.13202740397451637
2024-09-13,0.13276381410939767
2024-09-14,0.1320979426059558
2024-09-15,0.13204583148615512
2024-09-16,0.1321878463271727
2024-09-17,0.1309870225192162
2024-09-18,0.1309728937279333
2024-09-19,0.13114517550615393
2024-09-20,0.13216367796427636
2024-09-21,0.13252623326838797
2024-09-22,0.13230695217412428
2024-09-23,0.1329922933603159
2024-09-24,0.13400325914150224
2024-09-25,0.1340752981117159
2024-09-26,0.13354352637854586
2024-09-27,0.13328303723133803
2024-09-28,0.13306560662640488
2024-09-29,0.13405169895286642
2024-09-30,0.13437167330287575
2024-10-01,0.13433235140433095
2024-10-02,0.1358465723530071
2024-10-03,0.13397315945480104
2024-10-04,0.13311685357951808
2024-10-05,0.1338562736768891
2024-10-06,0.13477827206409168
2024-10-07,0.13388917836972652
2024-10-08,0.13334254684896135
2024-10-09,0.1339033118305588
2024-10-10,0.1347205924655794
2024-10-11,0.13448593654061264
2024-10-12,0.13592152571125132
2024-10-13,0.1353747056339597
2024-10-14,0.13549946947750335
2024-10-15,0.13487119424393468
2024-10-16,0.13461994437185376
2024-10-17,0.1346605038403426
2024-10-18,0.13515719246033778
2024-10-19,0.13587645694853423
2024-10-20,0.13536427618660393
2024-10-21,0.13564295941819762
2024-10-22,0.13797067486905512
2024-10-23,0.13970313900206
2024-10-24,0.13956763335779207
2024-10-25,0.14050833629405254
2024-10-26,0.14228684254959637
2024-10-27,0.14435199347928923
2024-10-28,0.1455269818713493
2024-10-29,0.1455914472649882
2024-10-30,0.1459259703572842
2024-10-31,0.1456500356391891
2024-11-01,0.14474616625346068
2024-11-02,0.1448199597971194
2024-11-03,0.14653448020514942
2024-11-04,0.14652953375359815
2024-11-05,0.14607145345047035
2024-11-06,0.14696538520310176
2024-11-07,0.1454044262821881
2024-11-08,0.1466041869890564
2024-11-09,0.1452470753147158
2024-11-10,0.14546185049202967
2024-11-11,0.14606600080937704
2024-11-12,0.1455832979422968
2024-11-13,0.14600961100842824
2024-11-14,0.1463676649530839
2024-11-15,0.1484632656552441
2024-11-16,0.14818392347352619
2024-11-17,0.14656196438005045
2024-11-18,0.14629166544351696
2024-11-19,0.14729425353357392
2024-11-20,0.1479954292368641
2024-11-21,0.148167680367338
2024-11-22,0.14799029530449848
2024-11-23,0.14876939480637905
2024-11-24,0.14963299488051943
2024-11-25,0.14862809384020517
2024-11-26,0.14926041728961265
2024-11-27,0.14849659746285712
2024-11-28,0.14880451999778252
2024-11-29,0.1484757185886906
2024-11-30,0.14887034866638857
2024-12-01,0.1497488380461348
2024-12-02,0.14961817237925548
2024-12-03,0.1527131518910836
2024-12-04,0.15129849418068422
2024-12-05,0.15163163150423767
2024-12-06,0.15278354306007805
2024-12-07,0.1526551823230671
2024-12-08,0.15196103951594378
2024-12-09,0.15207575107139323
2024-12-10,0.15204831183284043
2024-12-11,0.15031892433430455
2024-12-12,0.15265020137468605
2024-12-13,0.15430445575002794
2024-12-14,0.1525412264365525
2024-12-15,0.15059967399845
2024-12-16,0.14940893572536848
2024-12-17,0.1494040863714636
2024-12-18,0.14982632827301784
2024-12-19,0.14986052593253915
2024-12-20,0.15138184112839068
2024-12-21,0.15120523572475394
2024-12-22,0.15142963537074844
2024-12-23,0.15215789830985757
2024-12-24,0.15227383050925217
2024-12-25,0.15085834301883794
2024-12-26,0.15117491132976502
2024-12-27,0.15205323356634706
2024-12-28,0.1508971306964673
2024-12-29,0.15145439558642637
2024-12-30,0.1529548115896988
2024-12-31,0.15210364865405657
2025-01-01,0.1515096993253711
2025-01-02,0.15031606917435625
2025-01-03,0.15099804991580013
2025-01-04,0.1509667151917529
2025-01-05,0.15093806810425214
2025-01-06,0.15182696713246643
2025-01-07,0.15282884126543378
2025-01-08,0.15268631608377226
2025-01-09,0.15294199843563328
2025-01-10,0.15370722344532062
2025-01-11,0.15387035553815584
2025-01-12,0.15362049208221332
2025-01-13,0.1521196391268513
2025-01-14,0.14919230540211903
2025-01-15,0.14985304531759405
2025-01-16,0.14998579310638122
2025-01-17,0.1505795170305578
2025-01-18,0.15069206334043644
2025-01-19,0.14904830965616755
2025-01-20,0.15058245832997547
2025-01-21,0.15271103341084943
2025-01-22,0.15163141762380317
2025-01-23,0.15134341966559106
2025-01-24,0.14905194786022596
2025-01-25,0.1482274961097601
2025-01-26,0.14863411060654103
2025-01-27,0.14924882747505483
2025-01-28,0.14872951257451114
2025-01-29,0.1479969446291542
2025-01-30,0.14845810993872469
2025-01-31,0.14803130681681695
2025-02-01,0.14684696058505642
2025-02-02,0.14673724702161833
2025-02-03,0.1455709609424358
2025-02-04,0.14690382293354481
2025-02-05,0.14541099795059512
2025-02-06,0.14517276811014507
2025-02-07,0.14390162676908558
2025-02-08,0.14283199144146938
2025-02-09,0.14352960787630428
2025-02-10,0.14392214891039504
2025-02-11,0.1451660747340165
2025-02-12,0.14480935140671106
2025-02-13,0.1460724458828176
2025-02-14,0.1461706756503079
2025-02-15,0.14559197268379195
2025-02-16,0.1442963191192797
2025-02-17,0.14511521527447568
2025-02-18,0.14557989185500006
2025-02-19,0.1467861221762392
2025-02-20,0.14671060767450184
2025-02-21,0.14693400172509413
2025-02-22,0.14695596934637475
2025-02-23,0.14672973175536314
2025-02-24,0.14753028439821728
2025-02-25,0.14778861856231748
2025-02-26,0.14780203535290434
2025-02-27,0.1468453995451755
2025-02-28,0.14745617964982435
2025-03-01,0.14712789194895734
2025-03-02,0.14659525057973455
2025-03-03,0.14695328400217128
2025-03-04,0.14862470096586367
2025-03-05,0.1500477739768244
2025-03-06,0.14948142551535465
2025-03-07,0.14875560519430928
2025-03-08,0.1493190807146077
2025-03-09,0.1488834486283806
2025-03-10,0.14877889608068748
2025-03-11,0.14645762324817937
2025-03-12,0.14624352888243267
2025-03-13,0.14678693430807846
2025-03-14,0.1462494802059121
2025-03-15,0.14586920487057956
2025-03-16,0.14613467780068537
2025-03-17,0.14598924606116723
2025-03-18,0.14637932081624166
2025-03-19,0.14623639444217196
2025-03-20,0.14622227639479812
2025-03-21,0.14568098406554705
2025-03-22,0.146596324085081
2025-03-23,0.1473644354473351
2025-03-24,0.14746607024794575
2025-03-25,0.1482755123496204
2025-03-26,0.14827596799308884
2025-03-27,0.14804925064335742
2025-03-28,0.14933096796968312
2025-03-29,0.1492574685664398
2025-03-30,0.15032710313415087
2025-03-31,0.1511191183583962
2025-04-01,0.15145882593841845
2025-04-02,0.15209233910214
2025-04-03,0.15177964919793394
2025-04-04,0.1521453316496887
2025-04-05,0.15246809762271035
2025-04-06,0.15233412359612597
2025-04-07,0.1526366606490261
2025-04-08,0.15097599922039703
2025-04-09,0.15115727316964964
2025-04-10,0.15084192284408623
2025-04-11,0.14983455639063523
2025-04-12,0.14908613250690406
2025-04-13,0.14736945008027494
2025-04-14,0.1472122446356205
2025-04-15,0.14807413961112362
2025-04-16,0.14707853087219172
2025-04-17,0.14592031391991553
2025-04-18,0.14723794344653912
2025-04-19,0.145614643384362
2025-04-20,0.14579453863920655
2025-04-21,0.14648039754045758
2025-04-22,0.1465406943973803
2025-04-23,0.14593681418578505
2025-04-24,0.14698572794726888
2025-04-25,0.14472856012961405
2025-04-26,0.14467012635623613
2025-04-27,0.14455624026305752
2025-04-28,0.1446417953404361
2025-04-29,0.1438729209141759
2025-04-30,0.14261878818764134
2025-05-01,0.14112849717264625
2025-05-02,0.1412579925622531
2025-05-03,0.1413506757216606
2025-05-04,0.14083185734895895
2025-05-05,0.1400471313241897
2025-05-06,0.13904283843422582
2025-05-07,0.1389720888707884
2025-05-08,0.13743509156021244
2025-05-09,0.1365539388108432
2025-05-10,0.13564974124032833
2025-05-11,0.13635376808822786
2025-05-12,0.13755282837295732
2025-05-13,0.1393904992271412
2025-05-14,0.14071733280894555
2025-05-15,0.1405445188845939
2025-05-16,0.1404194670405443
2025-05-17,0.1388932756641743
2025-05-18,0.1370829234952936
2025-05-19,0.1374804635738569
2025-05-20,0.13922987241727172
2025-05-21,0.14095375066172444
2025-05-22,0.13962555238964885
2025-05-23,0.1398163841914459
2025-05-24,0.13896133627612542
2025-05-25,0.13910495611805213
2025-05-26,0.1387741264517308
2025-05-27,0.13890883677311947
2025-05-28,0.13831064252433187
2025-05-29,0.13740702689847195
2025-05-30,0.13825187784241327
2025-05-31,0.13765345169802906
2025-06-01,0.1372562889875895
2025-06-02,0.13705842701643955
2025-06-03,0.13580188556062295
2025-06-04,0.13536336806335236
2025-06-05,0.13469081474934072
2025-06-06,0.13412689746459802
2025-06-07,0.13417293445684508
2025-06-08,0.13226593003721454
